ID,ProductID,Name,ProductGroupID,Name,GrossPrice,NetPrice,GuidedActivityID,WorkingOrder
1,1,TARTIFLETTE - 26cm_201709,5,Base crème fraiche_201709,0.00000,12.10,11,3
1,1,TARTIFLETTE - 26cm_201709,34,GA Plat Menu Liberty_201709,0.00000,12.10,11,3
1,1,TARTIFLETTE - 26cm_201709,38,GA Plat Menu Ciné_201709,0.00000,12.10,11,3
2,2,TARTIFLETTE - 31cm_201709,5,Base crème fraiche_201709,0.00000,18.20,11,3
2,2,TARTIFLETTE - 31cm_201709,1002,Entrées Pizzas Double Double,0.00000,18.20,11,3
2,2,TARTIFLETTE - 31cm_201709,1003,Plat Pizzas Double Double,0.00000,18.20,11,3
3,3,COMTOISE - 26cm_201709,5,Base crème fraiche_201709,0.00000,10.80,11,3
3,3,COMTOISE - 26cm_201709,34,GA Plat Menu Liberty_201709,0.00000,10.80,11,3
3,3,COMTOISE - 26cm_201709,38,GA Plat Menu Ciné_201709,0.00000,10.80,11,3
4,4,COMTOISE - 31cm_201709,5,Base crème fraiche_201709,0.00000,16.20,11,3
4,4,COMTOISE - 31cm_201709,1002,Entrées Pizzas Double Double,0.00000,16.20,11,3
4,4,COMTOISE - 31cm_201709,1003,Plat Pizzas Double Double,0.00000,16.20,11,3
5,5,FLAMMENKUCHE - 26cm_201709,5,Base crème fraiche_201709,0.00000,9.20,9,3
5,5,FLAMMENKUCHE - 26cm_201709,31,GA Plat Menu Midi_201709,0.00000,9.20,9,3
5,5,FLAMMENKUCHE - 26cm_201709,34,GA Plat Menu Liberty_201709,0.00000,9.20,9,3
5,5,FLAMMENKUCHE - 26cm_201709,38,GA Plat Menu Ciné_201709,0.00000,9.20,9,3
6,6,FLAMMENKUCHE - 31cm_201709,5,Base crème fraiche_201709,0.00000,13.80,11,3
6,6,FLAMMENKUCHE - 31cm_201709,1002,Entrées Pizzas Double Double,0.00000,13.80,11,3
6,6,FLAMMENKUCHE - 31cm_201709,1003,Plat Pizzas Double Double,0.00000,13.80,11,3
7,7,CHICKEN - 26cm_201709,5,Base crème fraiche_201709,0.00000,10.70,11,3
7,7,CHICKEN - 26cm_201709,34,GA Plat Menu Liberty_201709,0.00000,10.70,11,3
7,7,CHICKEN - 26cm_201709,38,GA Plat Menu Ciné_201709,0.00000,10.70,11,3
8,8,CHICKEN - 31cm_201709,5,Base crème fraiche_201709,0.00000,16.10,11,3
8,8,CHICKEN - 31cm_201709,1002,Entrées Pizzas Double Double,0.00000,16.10,11,3
8,8,CHICKEN - 31cm_201709,1003,Plat Pizzas Double Double,0.00000,16.10,11,3
9,9,INDIENNE - 26cm_201709,5,Base crème fraiche_201709,0.00000,10.80,11,3
9,9,INDIENNE - 26cm_201709,34,GA Plat Menu Liberty_201709,0.00000,10.80,11,3
9,9,INDIENNE - 26cm_201709,38,GA Plat Menu Ciné_201709,0.00000,10.80,11,3
10,10,INDIENNE - 31cm_201709,5,Base crème fraiche_201709,0.00000,16.20,11,3
10,10,INDIENNE - 31cm_201709,1002,Entrées Pizzas Double Double,0.00000,16.20,11,3
10,10,INDIENNE - 31cm_201709,1003,Plat Pizzas Double Double,0.00000,16.20,11,3
11,11,ONE - 26cm_201709,6,Viande base sauce tomate_201709,0.00000,8.20,11,3
11,11,ONE - 26cm_201709,34,GA Plat Menu Liberty_201709,0.00000,8.20,11,3
11,11,ONE - 26cm_201709,38,GA Plat Menu Ciné_201709,0.00000,8.20,11,3
11,11,ONE - 26cm_201709,42,GA Plat Menu Kids_201709,0.00000,8.20,11,3
12,12,ONE - 31cm_201709,6,Viande base sauce tomate_201709,0.00000,12.30,11,3
12,12,ONE - 31cm_201709,1002,Entrées Pizzas Double Double,0.00000,12.30,11,3
12,12,ONE - 31cm_201709,1003,Plat Pizzas Double Double,0.00000,12.30,11,3
13,13,ACAPULCO - 26cm_201709,6,Viande base sauce tomate_201709,0.00000,8.80,11,3
13,13,ACAPULCO - 26cm_201709,31,GA Plat Menu Midi_201709,0.00000,8.80,11,3
13,13,ACAPULCO - 26cm_201709,34,GA Plat Menu Liberty_201709,0.00000,8.80,11,3
13,13,ACAPULCO - 26cm_201709,38,GA Plat Menu Ciné_201709,0.00000,8.80,11,3
14,14,ACAPULCO - 31cm_201709,6,Viande base sauce tomate_201709,0.00000,13.20,11,3
14,14,ACAPULCO - 31cm_201709,1002,Entrées Pizzas Double Double,0.00000,13.20,11,3
14,14,ACAPULCO - 31cm_201709,1003,Plat Pizzas Double Double,0.00000,13.20,11,3
15,15,BUFFALO - 26cm_201709,6,Viande base sauce tomate_201709,0.00000,9.70,11,3
15,15,BUFFALO - 26cm_201709,31,GA Plat Menu Midi_201709,0.00000,9.70,11,3
15,15,BUFFALO - 26cm_201709,34,GA Plat Menu Liberty_201709,0.00000,9.70,11,3
15,15,BUFFALO - 26cm_201709,38,GA Plat Menu Ciné_201709,0.00000,9.70,11,3
16,16,BUFFALO - 31cm_201709,6,Viande base sauce tomate_201709,0.00000,14.60,11,3
16,16,BUFFALO - 31cm_201709,1002,Entrées Pizzas Double Double,0.00000,14.60,11,3
16,16,BUFFALO - 31cm_201709,1003,Plat Pizzas Double Double,0.00000,14.60,11,3
17,17,DJERBA - 26cm_201709,6,Viande base sauce tomate_201709,0.00000,8.80,11,3
17,17,DJERBA - 26cm_201709,31,GA Plat Menu Midi_201709,0.00000,8.80,11,3
17,17,DJERBA - 26cm_201709,34,GA Plat Menu Liberty_201709,0.00000,8.80,11,3
17,17,DJERBA - 26cm_201709,38,GA Plat Menu Ciné_201709,0.00000,8.80,11,3
18,18,DJERBA - 31cm_201709,6,Viande base sauce tomate_201709,0.00000,13.20,11,3
18,18,DJERBA - 31cm_201709,1002,Entrées Pizzas Double Double,0.00000,13.20,11,3
18,18,DJERBA - 31cm_201709,1003,Plat Pizzas Double Double,0.00000,13.20,11,3
19,19,SUNSET - 26cm_201709,6,Viande base sauce tomate_201709,0.00000,11.30,11,3
19,19,SUNSET - 26cm_201709,34,GA Plat Menu Liberty_201709,0.00000,11.30,11,3
19,19,SUNSET - 26cm_201709,38,GA Plat Menu Ciné_201709,0.00000,11.30,11,3
20,20,SUNSET - 31cm_201709,6,Viande base sauce tomate_201709,0.00000,17.00,11,3
20,20,SUNSET - 31cm_201709,1002,Entrées Pizzas Double Double,0.00000,17.00,11,3
20,20,SUNSET - 31cm_201709,1003,Plat Pizzas Double Double,0.00000,17.00,11,3
21,21,CHEESE - 26cm_201709,7,Fromage base sauce tomate_201709,0.00000,11.00,11,3
21,21,CHEESE - 26cm_201709,34,GA Plat Menu Liberty_201709,0.00000,11.00,11,3
21,21,CHEESE - 26cm_201709,38,GA Plat Menu Ciné_201709,0.00000,11.00,11,3
22,22,CHEESE - 31cm_201709,7,Fromage base sauce tomate_201709,0.00000,16.50,11,3
22,22,CHEESE - 31cm_201709,1002,Entrées Pizzas Double Double,0.00000,16.50,11,3
22,22,CHEESE - 31cm_201709,1003,Plat Pizzas Double Double,0.00000,16.50,11,3
23,23,NEVADA - 26cm_201709,7,Fromage base sauce tomate_201709,0.00000,7.60,11,3
23,23,NEVADA - 26cm_201709,34,GA Plat Menu Liberty_201709,0.00000,7.60,11,3
23,23,NEVADA - 26cm_201709,38,GA Plat Menu Ciné_201709,0.00000,7.60,11,3
23,23,NEVADA - 26cm_201709,42,GA Plat Menu Kids_201709,0.00000,7.60,11,3
24,24,NEVADA - 31cm_201709,7,Fromage base sauce tomate_201709,0.00000,11.40,11,3
24,24,NEVADA - 31cm_201709,1002,Entrées Pizzas Double Double,0.00000,11.40,11,3
24,24,NEVADA - 31cm_201709,1003,Plat Pizzas Double Double,0.00000,11.40,11,3
25,25,CAPRICORNE - 26cm_201709,7,Fromage base sauce tomate_201709,0.00000,9.50,11,3
25,25,CAPRICORNE - 26cm_201709,34,GA Plat Menu Liberty_201709,0.00000,9.50,11,3
25,25,CAPRICORNE - 26cm_201709,38,GA Plat Menu Ciné_201709,0.00000,9.50,11,3
26,26,CAPRICORNE - 31cm_201709,7,Fromage base sauce tomate_201709,0.00000,14.00,11,3
26,26,CAPRICORNE - 31cm_201709,1002,Entrées Pizzas Double Double,0.00000,14.00,11,3
26,26,CAPRICORNE - 31cm_201709,1003,Plat Pizzas Double Double,0.00000,14.00,11,3
27,27,VEGETARIENNE - 26cm_201709,8,Légumes base sauce tomate_201709,0.00000,9.50,11,3
27,27,VEGETARIENNE - 26cm_201709,34,GA Plat Menu Liberty_201709,0.00000,9.50,11,3
27,27,VEGETARIENNE - 26cm_201709,38,GA Plat Menu Ciné_201709,0.00000,9.50,11,3
28,28,VEGETARIENNE - 31cm_201709,8,Légumes base sauce tomate_201709,0.00000,14.30,11,3
28,28,VEGETARIENNE - 31cm_201709,1002,Entrées Pizzas Double Double,0.00000,14.30,11,3
28,28,VEGETARIENNE - 31cm_201709,1003,Plat Pizzas Double Double,0.00000,14.30,11,3
29,29,HELENE - 26cm_201709,8,Légumes base sauce tomate_201709,0.00000,9.90,11,3
29,29,HELENE - 26cm_201709,34,GA Plat Menu Liberty_201709,0.00000,9.90,11,3
29,29,HELENE - 26cm_201709,38,GA Plat Menu Ciné_201709,0.00000,9.90,11,3
30,30,HELENE - 31cm_201709,8,Légumes base sauce tomate_201709,0.00000,14.90,11,3
30,30,HELENE - 31cm_201709,1002,Entrées Pizzas Double Double,0.00000,14.90,11,3
30,30,HELENE - 31cm_201709,1003,Plat Pizzas Double Double,0.00000,14.90,11,3
31,31,ATLANTIC - 26cm_201709,9,Mer base sauce tomate_201709,0.00000,11.80,11,3
31,31,ATLANTIC - 26cm_201709,34,GA Plat Menu Liberty_201709,0.00000,11.80,11,3
31,31,ATLANTIC - 26cm_201709,38,GA Plat Menu Ciné_201709,0.00000,11.80,11,3
32,32,ATLANTIC - 31cm_201709,9,Mer base sauce tomate_201709,0.00000,17.70,11,3
32,32,ATLANTIC - 31cm_201709,1002,Entrées Pizzas Double Double,0.00000,17.70,11,3
32,32,ATLANTIC - 31cm_201709,1003,Plat Pizzas Double Double,0.00000,17.70,11,3
33,33,PROVENCALE - 26cm_201709,9,Mer base sauce tomate_201709,0.00000,9.30,11,3
33,33,PROVENCALE - 26cm_201709,34,GA Plat Menu Liberty_201709,0.00000,9.30,11,3
33,33,PROVENCALE - 26cm_201709,38,GA Plat Menu Ciné_201709,0.00000,9.30,11,3
34,34,PROVENCALE - 31cm_201709,9,Mer base sauce tomate_201709,0.00000,14.00,11,3
34,34,PROVENCALE - 31cm_201709,1002,Entrées Pizzas Double Double,0.00000,14.00,11,3
34,34,PROVENCALE - 31cm_201709,1003,Plat Pizzas Double Double,0.00000,14.00,11,3
35,35,THALASSA - 26cm_201709,9,Mer base sauce tomate_201709,0.00000,11.80,11,3
35,35,THALASSA - 26cm_201709,34,GA Plat Menu Liberty_201709,0.00000,11.80,11,3
35,35,THALASSA - 26cm_201709,38,GA Plat Menu Ciné_201709,0.00000,11.80,11,3
36,36,THALASSA - 31cm_201709,9,Mer base sauce tomate_201709,0.00000,17.70,11,3
36,36,THALASSA - 31cm_201709,1002,Entrées Pizzas Double Double,0.00000,17.70,11,3
36,36,THALASSA - 31cm_201709,1003,Plat Pizzas Double Double,0.00000,17.70,11,3
37,37,INCROYABLE - 26cm_201709,10,Stars base sauce tomate_201709,0.00000,11.80,11,3
37,37,INCROYABLE - 26cm_201709,34,GA Plat Menu Liberty_201709,0.00000,11.80,11,3
37,37,INCROYABLE - 26cm_201709,38,GA Plat Menu Ciné_201709,0.00000,11.80,11,3
38,38,INCROYABLE  31cm_201709,10,Stars base sauce tomate_201709,0.00000,17.70,11,3
38,38,INCROYABLE  31cm_201709,1002,Entrées Pizzas Double Double,0.00000,17.70,11,3
38,38,INCROYABLE  31cm_201709,1003,Plat Pizzas Double Double,0.00000,17.70,11,3
39,39,BOURGUIGNONNE - 26cm_201709,10,Stars base sauce tomate_201709,0.00000,11.50,11,3
39,39,BOURGUIGNONNE - 26cm_201709,34,GA Plat Menu Liberty_201709,0.00000,11.50,11,3
39,39,BOURGUIGNONNE - 26cm_201709,38,GA Plat Menu Ciné_201709,0.00000,11.50,11,3
40,40,BOURGUIGNONNE - 31cm_201709,10,Stars base sauce tomate_201709,0.00000,17.30,11,3
40,40,BOURGUIGNONNE - 31cm_201709,1002,Entrées Pizzas Double Double,0.00000,17.30,11,3
40,40,BOURGUIGNONNE - 31cm_201709,1003,Plat Pizzas Double Double,0.00000,17.30,11,3
41,41,HAWAI - 26cm_201709,10,Stars base sauce tomate_201709,0.00000,9.10,11,3
41,41,HAWAI - 26cm_201709,34,GA Plat Menu Liberty_201709,0.00000,9.10,11,3
41,41,HAWAI - 26cm_201709,38,GA Plat Menu Ciné_201709,0.00000,9.10,11,3
42,42,HAWAI  31cm_201709,10,Stars base sauce tomate_201709,0.00000,13.70,11,3
42,42,HAWAI  31cm_201709,1002,Entrées Pizzas Double Double,0.00000,13.70,11,3
42,42,HAWAI  31cm_201709,1003,Plat Pizzas Double Double,0.00000,13.70,11,3
43,43,AVEYRONNAISE - 26cm_201709,10,Stars base sauce tomate_201709,0.00000,9.50,11,3
43,43,AVEYRONNAISE - 26cm_201709,34,GA Plat Menu Liberty_201709,0.00000,9.50,11,3
43,43,AVEYRONNAISE - 26cm_201709,38,GA Plat Menu Ciné_201709,0.00000,9.50,11,3
44,44,AVEYRONNAISE  31cm_201709,10,Stars base sauce tomate_201709,0.00000,14.30,11,3
44,44,AVEYRONNAISE  31cm_201709,1002,Entrées Pizzas Double Double,0.00000,14.30,11,3
44,44,AVEYRONNAISE  31cm_201709,1003,Plat Pizzas Double Double,0.00000,14.30,11,3
45,45,PLANCHA 2 PERSONNES _201709,3,A partager_201709,0.00000,5.00,9,2
45,45,PLANCHA 2 PERSONNES _201709,49,GA A partager2_201709,0.00000,5.00,9,2
46,46,PLANCHA 4 PERSONNES _201709,3,A partager_201709,0.00000,9.00,9,2
46,46,PLANCHA 4 PERSONNES _201709,49,GA A partager2_201709,0.00000,9.00,9,2
47,47,PIZZA AUX TRUFFES_201709,3,A partager_201709,0.00000,10.00,9,2
47,47,PIZZA AUX TRUFFES_201709,49,GA A partager2_201709,0.00000,10.00,9,2
48,48,FLAMMENKUCHE_201709,3,A partager_201709,0.00000,6.00,NULL,2
48,48,FLAMMENKUCHE_201709,49,GA A partager2_201709,0.00000,6.00,NULL,2
49,49,BRUSCHETTA LEGUMES_201709,3,A partager_201709,0.00000,6.00,9,2
49,49,BRUSCHETTA LEGUMES_201709,49,GA A partager2_201709,0.00000,6.00,9,2
50,50,SALADE VERTE_201709,12,Entrées_201709,0.00000,3.20,NULL,2
50,50,SALADE VERTE_201709,33,GA Entrée Menu Liberty_201709,0.00000,3.20,NULL,2
51,51,ENTREE SALADE CHEVRE _201709,12,Entrées_201709,0.00000,5.40,NULL,2
51,51,ENTREE SALADE CHEVRE _201709,31,GA Plat Menu Midi_201709,0.00000,5.40,NULL,2
52,52,ENTREE DE GESIER,12,Entrées_201709,0.00000,5.70,NULL,2
53,53,GRDE CHEVRE _201709,13,Salades repas_201709,0.00000,10.50,11,3
54,54,GDE POULET_201709,13,Salades repas_201709,0.00000,11.50,11,3
54,54,GDE POULET_201709,31,GA Plat Menu Midi_201709,0.00000,11.50,11,3
55,55,GDE GESIERS _201709,13,Salades repas_201709,0.00000,11.90,11,3
56,56,GDE FRANC-COMTOISE_201709,13,Salades repas_201709,0.00000,13.80,11,3
57,57,PLAT DU JOUR_201709,14,Plats_201709,0.00000,11.00,11,3
57,57,PLAT DU JOUR_201709,31,GA Plat Menu Midi_201709,0.00000,11.00,11,3
58,58,PASTA_201709,14,Plats_201709,0.00000,11.00,11,3
58,58,PASTA_201709,31,GA Plat Menu Midi_201709,0.00000,11.00,11,3
59,59,TAGLIATELLE CARBONARA_201709,14,Plats_201709,0.00000,11.00,11,3
59,59,TAGLIATELLE CARBONARA_201709,31,GA Plat Menu Midi_201709,0.00000,11.00,11,3
60,60,TAGLIATELLE SAUMON_201709,14,Plats_201709,0.00000,11.00,11,3
60,60,TAGLIATELLE SAUMON_201709,1005,Pasta Express,0.00000,11.00,11,3
61,61,SPAGHETTI BOLOGNAISE_201709,14,Plats_201709,0.00000,11.00,11,3
61,61,SPAGHETTI BOLOGNAISE_201709,31,GA Plat Menu Midi_201709,0.00000,11.00,11,3
61,61,SPAGHETTI BOLOGNAISE_201709,42,GA Plat Menu Kids_201709,0.00000,11.00,11,3
61,61,SPAGHETTI BOLOGNAISE_201709,1005,Pasta Express,0.00000,11.00,11,3
62,62,LASAGNE BOLOGNAISE_201709,14,Plats_201709,0.00000,12.00,11,3
62,62,LASAGNE BOLOGNAISE_201709,1005,Pasta Express,0.00000,12.00,11,3
63,63,BROCHETTE DE POULET_201709,14,Plats_201709,0.00000,13.00,11,3
64,64,ESCALOPE JURASIENNE_201709,14,Plats_201709,0.00000,13.00,11,3
65,65,TARTINE JURASSIENNE_201709,14,Plats_201709,0.00000,13.60,11,3
66,66,ASSIETTE COMTOISE_201709,14,Plats_201709,0.00000,13.60,11,3
67,67,GRATIN DAUPHINOIS_201709,15,Accompagnements solo_201709,0.00000,10.00,11,3
68,68,POELEE DE LEGUMES_201709,15,Accompagnements solo_201709,0.00000,10.00,11,3
69,69,ROSTI_201709,15,Accompagnements solo_201709,0.00000,10.00,11,3
70,70,ACCOMPAGNEMENT SALADE VERTE_201709,15,Accompagnements solo_201709,0.00000,10.00,11,3
71,71,ASSIETTE VEGETARIENNE_201709,15,Accompagnements solo_201709,0.00000,10.00,11,3
72,72,ASSIETTE DE FROMAGES_201709,16,Desserts_201709,0.00000,5.10,12,4
72,72,ASSIETTE DE FROMAGES_201709,35,GA Dessert Menu Liberty_201709,0.00000,5.10,12,4
72,72,ASSIETTE DE FROMAGES_201709,39,GA Dessert Menu Ciné_201709,0.00000,5.10,12,4
72,72,ASSIETTE DE FROMAGES_201709,54,GA Desserts_201709,0.00000,5.10,12,4
73,73,Vin blanc IGP,56,GA Accompagnement fromage_201709,0.00000,3.00,NULL,4
74,74,Vin rosé IGP,56,GA Accompagnement fromage_201709,0.00000,3.00,NULL,4
75,75,Vin rouge IGP_201709,56,GA Accompagnement fromage_201709,0.00000,3.00,NULL,4
76,76,Rosé - Côte de Provence "Cap des Pins" 15CL,56,GA Accompagnement fromage_201709,0.00000,3.40,NULL,4
76,76,Rosé - Côte de Provence "Cap des Pins" 15CL,1007,Boissons à Emporter,0.00000,3.40,NULL,4
77,77,Rosé de Californie "Gallo"-15cl_201709,56,GA Accompagnement fromage_201709,0.00000,3.60,NULL,1
77,77,Rosé de Californie "Gallo"-15cl_201709,1007,Boissons à Emporter,0.00000,3.60,NULL,1
78,78,Rouge - Côte du Rhône "Vinsobraise"15cl_201709,56,GA Accompagnement fromage_201709,0.00000,3.40,NULL,4
79,79,Crémant du Jura brut fruitère d'Arbois - Coupe 12cl_201709,56,GA Accompagnement fromage_201709,0.00000,3.50,NULL,4
80,80,ILE FLOTTANTE_201709,17,Les Traditionnels_201709,0.00000,4.00,NULL,4
80,80,ILE FLOTTANTE_201709,35,GA Dessert Menu Liberty_201709,0.00000,4.00,NULL,4
80,80,ILE FLOTTANTE_201709,39,GA Dessert Menu Ciné_201709,0.00000,4.00,NULL,4
80,80,ILE FLOTTANTE_201709,54,GA Desserts_201709,0.00000,4.00,NULL,4
81,81,MOUSSE AU CHOCOLAT_201709,17,Les Traditionnels_201709,0.00000,4.50,NULL,4
81,81,MOUSSE AU CHOCOLAT_201709,35,GA Dessert Menu Liberty_201709,0.00000,4.50,NULL,4
81,81,MOUSSE AU CHOCOLAT_201709,39,GA Dessert Menu Ciné_201709,0.00000,4.50,NULL,4
81,81,MOUSSE AU CHOCOLAT_201709,43,GA Dessert Menu Kids_201709,0.00000,4.50,NULL,4
81,81,MOUSSE AU CHOCOLAT_201709,54,GA Desserts_201709,0.00000,4.50,NULL,4
82,82,TARTE TATIN_201709,17,Les Traditionnels_201709,0.00000,5.50,NULL,4
82,82,TARTE TATIN_201709,54,GA Desserts_201709,0.00000,5.50,NULL,4
83,83,PROFITEROLES_201709,17,Les Traditionnels_201709,0.00000,5.50,NULL,4
83,83,PROFITEROLES_201709,54,GA Desserts_201709,0.00000,5.50,NULL,4
84,84,MOELLEUX AU CHOCOLAT_201709,17,Les Traditionnels_201709,0.00000,5.00,NULL,4
84,84,MOELLEUX AU CHOCOLAT_201709,35,GA Dessert Menu Liberty_201709,0.00000,5.00,NULL,4
84,84,MOELLEUX AU CHOCOLAT_201709,39,GA Dessert Menu Ciné_201709,0.00000,5.00,NULL,4
84,84,MOELLEUX AU CHOCOLAT_201709,54,GA Desserts_201709,0.00000,5.00,NULL,4
85,85,CREME BRULEE_201709,17,Les Traditionnels_201709,0.00000,4.50,NULL,4
85,85,CREME BRULEE_201709,35,GA Dessert Menu Liberty_201709,0.00000,4.50,NULL,4
85,85,CREME BRULEE_201709,39,GA Dessert Menu Ciné_201709,0.00000,4.50,NULL,4
85,85,CREME BRULEE_201709,54,GA Desserts_201709,0.00000,4.50,NULL,4
86,86,FROMAGE BLANC_201709,17,Les Traditionnels_201709,0.00000,4.00,NULL,4
86,86,FROMAGE BLANC_201709,54,GA Desserts_201709,0.00000,4.00,NULL,4
87,87,CAFE GOURMAND_201709,17,Les Traditionnels_201709,0.00000,6.00,NULL,4
87,87,CAFE GOURMAND_201709,54,GA Desserts_201709,0.00000,6.00,NULL,4
88,88,DECAFEINE GOURMAND_201709,17,Les Traditionnels_201709,0.00000,6.00,NULL,4
88,88,DECAFEINE GOURMAND_201709,54,GA Desserts_201709,0.00000,6.00,NULL,4
89,89,THE GOURMAND_201709,17,Les Traditionnels_201709,0.00000,6.00,NULL,4
89,89,THE GOURMAND_201709,54,GA Desserts_201709,0.00000,6.00,NULL,4
90,90,POM PIZZ'UP_201709,18,Pizzas dessert_201709,0.00000,5.90,NULL,4
90,90,POM PIZZ'UP_201709,54,GA Desserts_201709,0.00000,5.90,NULL,4
90,90,POM PIZZ'UP_201709,1006,Desserts A Emporter,0.00000,5.90,NULL,4
91,91,PIZZ'UP DOUCEUR_201709,18,Pizzas dessert_201709,0.00000,5.90,NULL,4
91,91,PIZZ'UP DOUCEUR_201709,54,GA Desserts_201709,0.00000,5.90,NULL,4
91,91,PIZZ'UP DOUCEUR_201709,1006,Desserts A Emporter,0.00000,5.90,NULL,4
92,92,PIZZ'GOURMANDE_201709,18,Pizzas dessert_201709,0.00000,5.90,NULL,4
92,92,PIZZ'GOURMANDE_201709,54,GA Desserts_201709,0.00000,5.90,NULL,4
93,93,COUPE 2 BOULES_201709,19,Coupes glacées_201709,0.00000,4.00,6,4
93,93,COUPE 2 BOULES_201709,35,GA Dessert Menu Liberty_201709,0.00000,4.00,6,4
93,93,COUPE 2 BOULES_201709,39,GA Dessert Menu Ciné_201709,0.00000,4.00,6,4
93,93,COUPE 2 BOULES_201709,54,GA Desserts_201709,0.00000,4.00,6,4
94,94,COUPE 3 BOULES_201709,19,Coupes glacées_201709,0.00000,5.50,7,4
94,94,COUPE 3 BOULES_201709,35,GA Dessert Menu Liberty_201709,0.00000,5.50,7,4
94,94,COUPE 3 BOULES_201709,39,GA Dessert Menu Ciné_201709,0.00000,5.50,7,4
94,94,COUPE 3 BOULES_201709,54,GA Desserts_201709,0.00000,5.50,7,4
95,95,Chocolat noir à 70% de cacao d'Equateur_201709,46,GA Choix_parfum_glaces_201709,0.00000,0.00,NULL,4
96,96,Vanille de Madagascar_201709,46,GA Choix_parfum_glaces_201709,0.00000,0.00,NULL,4
97,97,Caramel à la fleur de sel de Camargue_201709,46,GA Choix_parfum_glaces_201709,0.00000,0.00,NULL,4
98,98,Café avec du café Arabica de Colombie_201709,46,GA Choix_parfum_glaces_201709,0.00000,0.00,NULL,4
99,99,Pistache avec des éclats de pistache grillés_201709,46,GA Choix_parfum_glaces_201709,0.00000,0.00,NULL,4
100,100,Rhum-Raisin au rhum des Antilles françaises_201709,46,GA Choix_parfum_glaces_201709,0.00000,0.00,NULL,4
101,101,Nougat_201709,46,GA Choix_parfum_glaces_201709,0.00000,0.00,NULL,4
102,102,Noisette_201709,46,GA Choix_parfum_glaces_201709,0.00000,0.00,NULL,4
103,103,Noix de coco_201709,46,GA Choix_parfum_glaces_201709,0.00000,0.00,NULL,4
104,104,Menthe avec des éclats de chocolat noir_201709,46,GA Choix_parfum_glaces_201709,0.00000,0.00,NULL,4
105,105,Ananas_201709,46,GA Choix_parfum_glaces_201709,0.00000,0.00,NULL,4
106,106,Citron jaune avec des morceaux de citron jaune de Sicile _201709,46,GA Choix_parfum_glaces_201709,0.00000,0.00,NULL,4
107,107,Framboise_201709,46,GA Choix_parfum_glaces_201709,0.00000,0.00,NULL,4
108,108,Mangue_201709,46,GA Choix_parfum_glaces_201709,0.00000,0.00,NULL,4
109,109,Sans chantilly_201709,47,GA Toppings_glaces_201709,0.00000,0.00,NULL,4
110,110,Supplément Chantilly maison_201709,47,GA Toppings_glaces_201709,0.00000,1.00,NULL,4
111,111,Supplément sauce chocolat_201709,47,GA Toppings_glaces_201709,0.00000,1.00,NULL,4
112,NULL,Supplément nappage nougat_201709,NULL,NULL,0.00000,1.00,NULL,4
113,113,Supplément caramel liquide_201709,47,GA Toppings_glaces_201709,0.00000,1.00,NULL,4
114,114,Sans amandes_201709,47,GA Toppings_glaces_201709,0.00000,0.00,NULL,4
115,115,Supplément amandes effilées _201709,47,GA Toppings_glaces_201709,0.00000,1.00,NULL,4
116,116,Sans noix de coco rapée_201709,47,GA Toppings_glaces_201709,0.00000,0.00,NULL,4
117,117,Supplément noix de coco rapée_201709,47,GA Toppings_glaces_201709,0.00000,1.00,NULL,4
118,118,Sans brisures de noisettes_201709,47,GA Toppings_glaces_201709,0.00000,0.00,NULL,4
119,119,Supplément brisures de noisettes_201709,47,GA Toppings_glaces_201709,0.00000,1.00,NULL,4
120,120,Supplément compote de pomme   _201709,47,GA Toppings_glaces_201709,0.00000,1.00,NULL,4
121,121,Supplément Nutella_201709,47,GA Toppings_glaces_201709,0.00000,1.00,NULL,4
122,122,Supplément crème de marron_201709,47,GA Toppings_glaces_201709,0.00000,1.00,NULL,4
123,123,Sans ananas_201709,47,GA Toppings_glaces_201709,0.00000,0.00,NULL,4
124,124,Supplément ananas_201709,47,GA Toppings_glaces_201709,0.00000,1.00,NULL,4
125,125,Sans banane_201709,47,GA Toppings_glaces_201709,0.00000,0.00,NULL,4
126,126,Supplément banane_201709,47,GA Toppings_glaces_201709,0.00000,1.00,NULL,4
127,127,Sans raisins secs_201709,47,GA Toppings_glaces_201709,0.00000,0.00,NULL,4
128,128,Supplément raisins secs _201709,47,GA Toppings_glaces_201709,0.00000,1.00,NULL,4
129,129,HOTEL CALIFORNIA_201709,19,Coupes glacées_201709,0.00000,6.00,NULL,4
129,129,HOTEL CALIFORNIA_201709,54,GA Desserts_201709,0.00000,6.00,NULL,4
130,130,CAFE LIEGEOIS_201709,19,Coupes glacées_201709,0.00000,6.00,NULL,4
130,130,CAFE LIEGEOIS_201709,54,GA Desserts_201709,0.00000,6.00,NULL,4
131,131,CHOCOLAT LIEGEOIS_201709,19,Coupes glacées_201709,0.00000,6.00,NULL,4
131,131,CHOCOLAT LIEGEOIS_201709,54,GA Desserts_201709,0.00000,6.00,NULL,4
132,132,COCONUTS_201709,19,Coupes glacées_201709,0.00000,6.00,NULL,4
132,132,COCONUTS_201709,54,GA Desserts_201709,0.00000,6.00,NULL,4
133,133,CADILLAC_201709,19,Coupes glacées_201709,0.00000,6.00,NULL,4
133,133,CADILLAC_201709,54,GA Desserts_201709,0.00000,6.00,NULL,4
134,134,OASIS DE FRAICHEUR_201709,19,Coupes glacées_201709,0.00000,6.00,NULL,4
134,134,OASIS DE FRAICHEUR_201709,54,GA Desserts_201709,0.00000,6.00,NULL,4
135,135,COLONEL_201709,19,Coupes glacées_201709,0.00000,6.00,NULL,4
135,135,COLONEL_201709,54,GA Desserts_201709,0.00000,6.00,NULL,4
136,136,VOYAGE EXOTIQUE_201709,19,Coupes glacées_201709,0.00000,6.00,NULL,4
136,136,VOYAGE EXOTIQUE_201709,54,GA Desserts_201709,0.00000,6.00,NULL,4
137,137,ICEBERG_201709,19,Coupes glacées_201709,0.00000,6.00,NULL,4
137,137,ICEBERG_201709,54,GA Desserts_201709,0.00000,6.00,NULL,4
138,138,COCKTAIL PIZZ'UP_201709,1,Cocktails_201709,0.00000,5.10,10,1
138,138,COCKTAIL PIZZ'UP_201709,48,GA A partager1_201709,0.00000,5.10,10,1
139,139,SPRITZ_201709,1,Cocktails_201709,0.00000,5.10,10,1
139,139,SPRITZ_201709,48,GA A partager1_201709,0.00000,5.10,10,1
140,140,TEQUILA SUNRISE_201709,1,Cocktails_201709,0.00000,5.30,10,1
140,140,TEQUILA SUNRISE_201709,48,GA A partager1_201709,0.00000,5.30,10,1
141,141,PINA COLADA_201709,1,Cocktails_201709,0.00000,5.90,10,1
141,141,PINA COLADA_201709,48,GA A partager1_201709,0.00000,5.90,10,1
142,142,FEU D'ARTIFICE SANS ALCOOL_201709,1,Cocktails_201709,0.00000,4.70,10,1
142,142,FEU D'ARTIFICE SANS ALCOOL_201709,48,GA A partager1_201709,0.00000,4.70,10,1
143,143,KIZZ PIZZ'UP VIN BLANC_201709,2,Apéritifs_201709,0.00000,2.50,10,1
143,143,KIZZ PIZZ'UP VIN BLANC_201709,48,GA A partager1_201709,0.00000,2.50,10,1
144,144,RICARD_201709,2,Apéritifs_201709,0.00000,2.90,10,1
144,144,RICARD_201709,48,GA A partager1_201709,0.00000,2.90,10,1
145,145,PONTARLIER_201709,2,Apéritifs_201709,0.00000,2.90,10,1
145,145,PONTARLIER_201709,48,GA A partager1_201709,0.00000,2.90,10,1
146,146,SANGRIA_201709,2,Apéritifs_201709,0.00000,3.00,NULL,1
146,146,SANGRIA_201709,48,GA A partager1_201709,0.00000,3.00,NULL,1
147,147,KIZZ RETRO_201709,2,Apéritifs_201709,0.00000,4.00,10,1
147,147,KIZZ RETRO_201709,48,GA A partager1_201709,0.00000,4.00,10,1
148,148,MARTINI BLANC_201709,2,Apéritifs_201709,0.00000,4.00,10,1
148,148,MARTINI BLANC_201709,48,GA A partager1_201709,0.00000,4.00,10,1
149,149,MARTINI ROUGE_201709,2,Apéritifs_201709,0.00000,4.00,10,1
149,149,MARTINI ROUGE_201709,48,GA A partager1_201709,0.00000,4.00,10,1
150,150,PORTO BLANC_201709,2,Apéritifs_201709,0.00000,2.90,10,1
150,150,PORTO BLANC_201709,48,GA A partager1_201709,0.00000,2.90,10,1
151,151,PORTO ROUGE_201709,2,Apéritifs_201709,0.00000,2.90,10,1
151,151,PORTO ROUGE_201709,48,GA A partager1_201709,0.00000,2.90,10,1
152,152,MACVIN DU JURA_201709,2,Apéritifs_201709,0.00000,4.00,10,1
152,152,MACVIN DU JURA_201709,48,GA A partager1_201709,0.00000,4.00,10,1
153,153,WILLIAM LAWSON SCOTCH (NATURE)_201709,2,Apéritifs_201709,0.00000,4.50,10,1
153,153,WILLIAM LAWSON SCOTCH (NATURE)_201709,48,GA A partager1_201709,0.00000,4.50,10,1
154,154,WILLIAM LAWSON SCOTCH + SODA_201709,2,Apéritifs_201709,0.00000,4.50,10,1
154,154,WILLIAM LAWSON SCOTCH + SODA_201709,48,GA A partager1_201709,0.00000,4.50,10,1
155,155,JACK DANIEL'S_201709,2,Apéritifs_201709,0.00000,5.00,10,1
155,155,JACK DANIEL'S_201709,48,GA A partager1_201709,0.00000,5.00,10,1
156,156,HOEGAARDEN BLANCHE (33cl)_201709,22,Bières_201709,0.00000,4.60,NULL,1
156,156,HOEGAARDEN BLANCHE (33cl)_201709,48,GA A partager1_201709,0.00000,4.60,NULL,1
156,156,HOEGAARDEN BLANCHE (33cl)_201709,52,GA Boissons_201709,0.00000,4.60,NULL,1
157,157,DESPERADOS (33cl)_201709,22,Bières_201709,0.00000,4.70,NULL,1
157,157,DESPERADOS (33cl)_201709,48,GA A partager1_201709,0.00000,4.70,NULL,1
157,157,DESPERADOS (33cl)_201709,52,GA Boissons_201709,0.00000,4.70,NULL,1
157,157,DESPERADOS (33cl)_201709,1007,Boissons à Emporter,0.00000,4.70,NULL,1
158,158,PANACHE (25cl)_201709,22,Bières_201709,0.00000,3.00,NULL,1
158,158,PANACHE (25cl)_201709,48,GA A partager1_201709,0.00000,3.00,NULL,1
158,158,PANACHE (25cl)_201709,52,GA Boissons_201709,0.00000,3.00,NULL,1
159,159,PANACHE (50cl)_201709,22,Bières_201709,0.00000,5.30,NULL,1
159,159,PANACHE (50cl)_201709,48,GA A partager1_201709,0.00000,5.30,NULL,1
159,159,PANACHE (50cl)_201709,52,GA Boissons_201709,0.00000,5.30,NULL,1
160,160,COMETE (25cl)_201709,22,Bières_201709,0.00000,3.40,NULL,1
160,160,COMETE (25cl)_201709,36,GA Boisson Menu Liberty_201709,0.00000,3.40,NULL,1
160,160,COMETE (25cl)_201709,48,GA A partager1_201709,0.00000,3.40,NULL,1
160,160,COMETE (25cl)_201709,52,GA Boissons_201709,0.00000,3.40,NULL,1
161,161,COMETE (50cl)_201709,22,Bières_201709,0.00000,5.50,NULL,1
161,161,COMETE (50cl)_201709,48,GA A partager1_201709,0.00000,5.50,NULL,1
161,161,COMETE (50cl)_201709,52,GA Boissons_201709,0.00000,5.50,NULL,1
162,162,BIERE DE SAISON (25cl)_201709,22,Bières_201709,0.00000,3.60,NULL,1
162,162,BIERE DE SAISON (25cl)_201709,48,GA A partager1_201709,0.00000,3.60,NULL,1
162,162,BIERE DE SAISON (25cl)_201709,52,GA Boissons_201709,0.00000,3.60,NULL,1
163,163,BIERE DE SAISON (50cl)_201709,22,Bières_201709,0.00000,5.80,NULL,1
163,163,BIERE DE SAISON (50cl)_201709,48,GA A partager1_201709,0.00000,5.80,NULL,1
163,163,BIERE DE SAISON (50cl)_201709,52,GA Boissons_201709,0.00000,5.80,NULL,1
164,164,VITTEL (50cl)_201709,25,Eau _201709,0.00000,2.50,NULL,1
164,164,VITTEL (50cl)_201709,36,GA Boisson Menu Liberty_201709,0.00000,2.50,NULL,1
164,164,VITTEL (50cl)_201709,40,GA Boisson Menu Ciné_201709,0.00000,2.50,NULL,1
165,165,VITTEL (1l)_201709,25,Eau _201709,0.00000,3.50,NULL,1
166,166,SAN PELLEGRINO (50cl)_201709,25,Eau _201709,0.00000,3.10,NULL,1
166,166,SAN PELLEGRINO (50cl)_201709,36,GA Boisson Menu Liberty_201709,0.00000,3.10,NULL,1
167,167,SAN PELLEGRINO (1l)_201709,25,Eau _201709,0.00000,4.10,NULL,1
168,168,PERRIER (33cl)_201709,25,Eau _201709,0.00000,3.40,NULL,1
169,169,SPRITE (33cl)_201709,23,Sodas/jus_201709,0.00000,2.10,NULL,1
169,169,SPRITE (33cl)_201709,36,GA Boisson Menu Liberty_201709,0.00000,2.10,NULL,1
169,169,SPRITE (33cl)_201709,40,GA Boisson Menu Ciné_201709,0.00000,2.10,NULL,1
169,169,SPRITE (33cl)_201709,52,GA Boissons_201709,0.00000,2.10,NULL,1
170,170,FANTA (33cl)_201709,23,Sodas/jus_201709,0.00000,2.10,NULL,1
170,170,FANTA (33cl)_201709,36,GA Boisson Menu Liberty_201709,0.00000,2.10,NULL,1
170,170,FANTA (33cl)_201709,40,GA Boisson Menu Ciné_201709,0.00000,2.10,NULL,1
170,170,FANTA (33cl)_201709,52,GA Boissons_201709,0.00000,2.10,NULL,1
171,171,ORANGINA (25cl)_201709,23,Sodas/jus_201709,0.00000,3.40,NULL,1
171,171,ORANGINA (25cl)_201709,52,GA Boissons_201709,0.00000,3.40,NULL,1
172,172,COCA-COLA (33cl)_201709,23,Sodas/jus_201709,0.00000,3.40,NULL,1
172,172,COCA-COLA (33cl)_201709,36,GA Boisson Menu Liberty_201709,0.00000,3.40,NULL,1
172,172,COCA-COLA (33cl)_201709,40,GA Boisson Menu Ciné_201709,0.00000,3.40,NULL,1
172,172,COCA-COLA (33cl)_201709,52,GA Boissons_201709,0.00000,3.40,NULL,1
172,172,COCA-COLA (33cl)_201709,1007,Boissons à Emporter,0.00000,3.40,NULL,1
173,173,COCA-COLA ZERO (33cl)_201709,23,Sodas/jus_201709,0.00000,3.40,NULL,1
173,173,COCA-COLA ZERO (33cl)_201709,36,GA Boisson Menu Liberty_201709,0.00000,3.40,NULL,1
173,173,COCA-COLA ZERO (33cl)_201709,40,GA Boisson Menu Ciné_201709,0.00000,3.40,NULL,1
173,173,COCA-COLA ZERO (33cl)_201709,52,GA Boissons_201709,0.00000,3.40,NULL,1
174,174,NESTEA PECHE (25cl)_201709,23,Sodas/jus_201709,0.00000,3.00,NULL,1
174,174,NESTEA PECHE (25cl)_201709,36,GA Boisson Menu Liberty_201709,0.00000,3.00,NULL,1
174,174,NESTEA PECHE (25cl)_201709,40,GA Boisson Menu Ciné_201709,0.00000,3.00,NULL,1
174,174,NESTEA PECHE (25cl)_201709,52,GA Boissons_201709,0.00000,3.00,NULL,1
175,175,DIABOLO (33cl)_201709,23,Sodas/jus_201709,0.00000,2.50,NULL,1
175,175,DIABOLO (33cl)_201709,36,GA Boisson Menu Liberty_201709,0.00000,2.50,NULL,1
175,175,DIABOLO (33cl)_201709,40,GA Boisson Menu Ciné_201709,0.00000,2.50,NULL,1
175,175,DIABOLO (33cl)_201709,52,GA Boissons_201709,0.00000,2.50,NULL,1
176,176,JUS D'ORANGE (25cl)_201709,23,Sodas/jus_201709,0.00000,2.50,NULL,1
176,176,JUS D'ORANGE (25cl)_201709,40,GA Boisson Menu Ciné_201709,0.00000,2.50,NULL,1
176,176,JUS D'ORANGE (25cl)_201709,52,GA Boissons_201709,0.00000,2.50,NULL,1
177,177,JUS D'ANANAS (25cl)_201709,23,Sodas/jus_201709,0.00000,2.50,NULL,1
177,177,JUS D'ANANAS (25cl)_201709,40,GA Boisson Menu Ciné_201709,0.00000,2.50,NULL,1
177,177,JUS D'ANANAS (25cl)_201709,52,GA Boissons_201709,0.00000,2.50,NULL,1
178,178,JUS DE POMME (25cl)_201709,23,Sodas/jus_201709,0.00000,2.50,NULL,1
178,178,JUS DE POMME (25cl)_201709,40,GA Boisson Menu Ciné_201709,0.00000,2.50,NULL,1
178,178,JUS DE POMME (25cl)_201709,52,GA Boissons_201709,0.00000,2.50,NULL,1
179,179,JUS D'ABRICOT (25cl)_201709,23,Sodas/jus_201709,0.00000,2.50,NULL,1
179,179,JUS D'ABRICOT (25cl)_201709,40,GA Boisson Menu Ciné_201709,0.00000,2.50,NULL,1
179,179,JUS D'ABRICOT (25cl)_201709,52,GA Boissons_201709,0.00000,2.50,NULL,1
180,180,JUS DE TOMATE (25cl)_201709,23,Sodas/jus_201709,0.00000,2.50,NULL,1
180,180,JUS DE TOMATE (25cl)_201709,40,GA Boisson Menu Ciné_201709,0.00000,2.50,NULL,1
180,180,JUS DE TOMATE (25cl)_201709,52,GA Boissons_201709,0.00000,2.50,NULL,1
181,181,EXPRESSO_201709,29,Boissons chaudes_201709,0.00000,1.80,NULL,5
181,181,EXPRESSO_201709,37,GA Café Menu Liberty_201709,0.00000,1.80,NULL,5
181,181,EXPRESSO_201709,41,GA Café Menu Ciné_201709,0.00000,1.80,NULL,5
182,182,DECAFEINE_201709,29,Boissons chaudes_201709,0.00000,1.80,NULL,5
182,182,DECAFEINE_201709,37,GA Café Menu Liberty_201709,0.00000,1.80,NULL,5
182,182,DECAFEINE_201709,41,GA Café Menu Ciné_201709,0.00000,1.80,NULL,5
183,183,DOUBLE EXPRESSO_201709,29,Boissons chaudes_201709,0.00000,3.00,NULL,5
183,183,DOUBLE EXPRESSO_201709,37,GA Café Menu Liberty_201709,0.00000,3.00,NULL,5
183,183,DOUBLE EXPRESSO_201709,41,GA Café Menu Ciné_201709,0.00000,3.00,NULL,5
184,184,CAPPUCINO _201709,29,Boissons chaudes_201709,0.00000,3.90,NULL,5
184,184,CAPPUCINO _201709,37,GA Café Menu Liberty_201709,0.00000,3.90,NULL,5
184,184,CAPPUCINO _201709,41,GA Café Menu Ciné_201709,0.00000,3.90,NULL,5
185,185,THE_201709,29,Boissons chaudes_201709,0.00000,2.50,NULL,5
185,185,THE_201709,37,GA Café Menu Liberty_201709,0.00000,2.50,NULL,5
185,185,THE_201709,41,GA Café Menu Ciné_201709,0.00000,2.50,NULL,5
186,186,INFUSION_201709,29,Boissons chaudes_201709,0.00000,2.50,NULL,5
186,186,INFUSION_201709,37,GA Café Menu Liberty_201709,0.00000,2.50,NULL,5
186,186,INFUSION_201709,41,GA Café Menu Ciné_201709,0.00000,2.50,NULL,5
187,187,IRISH COFFEE_201709,29,Boissons chaudes_201709,0.00000,6.50,NULL,5
188,188,BAILEY'S (4cl)_201709,30,Digestifs_201709,0.00000,4.50,NULL,6
189,189,GET 27 (4cl)_201709,30,Digestifs_201709,0.00000,4.50,NULL,6
190,190,LIMONCELLO (4cl)_201709,30,Digestifs_201709,0.00000,4.50,NULL,6
191,191,COGNAC (4cl)_201709,30,Digestifs_201709,0.00000,4.50,NULL,6
192,192,POIRE (4cl)_201709,30,Digestifs_201709,0.00000,4.50,NULL,6
193,193,MARC DU JURA (4cl)_201709,30,Digestifs_201709,0.00000,4.50,NULL,6
194,194,MENU MIDI_201709,20,Menus_201709,0.00000,12.80,1,0
195,195,CAFE + 1 GOURMANDISE_201709,32,GA Dessert Menu Midi_201709,0.00000,0.00,NULL,0
196,196,MENU LIBERTY_201709,20,Menus_201709,0.00000,19.80,2,0
197,197,MENU CINE_201709,20,Menus_201709,0.00000,22.00,3,0
198,198,MENU JUNIOR_201709,20,Menus_201709,0.00000,7.90,4,0
199,199,1 BOULE DE GLACE_201709,40,GA Boisson Menu Ciné_201709,0.00000,0.00,1003,0
199,199,1 BOULE DE GLACE_201709,43,GA Dessert Menu Kids_201709,0.00000,0.00,1003,0
200,200,Verre vin blanc IGP,26,Vin au verre_201709,0.00000,3.00,NULL,1
200,200,Verre vin blanc IGP,36,GA Boisson Menu Liberty_201709,0.00000,3.00,NULL,1
201,201,Verre vin rosé IGP,26,Vin au verre_201709,0.00000,3.00,NULL,1
201,201,Verre vin rosé IGP,36,GA Boisson Menu Liberty_201709,0.00000,3.00,NULL,1
202,202,Verre vin rouge IGP,26,Vin au verre_201709,0.00000,3.00,NULL,1
202,202,Verre vin rouge IGP,36,GA Boisson Menu Liberty_201709,0.00000,3.00,NULL,1
203,203,Verre Rosé - Côte de Provence "Cap des Pins",26,Vin au verre_201709,0.00000,3.40,NULL,1
203,203,Verre Rosé - Côte de Provence "Cap des Pins",36,GA Boisson Menu Liberty_201709,0.00000,3.40,NULL,1
204,204,Verre Rosé de Californie "Gallo"_201709,26,Vin au verre_201709,0.00000,3.60,NULL,1
204,204,Verre Rosé de Californie "Gallo"_201709,36,GA Boisson Menu Liberty_201709,0.00000,3.60,NULL,1
205,205,Verre Rouge - Côte du Rhône "Vinsobraise",26,Vin au verre_201709,0.00000,3.40,NULL,1
205,205,Verre Rouge - Côte du Rhône "Vinsobraise",36,GA Boisson Menu Liberty_201709,0.00000,3.40,NULL,1
206,206,Verre Crémant du Jura brut fruitère d'Arbois - Coupe 12cl_201709,26,Vin au verre_201709,0.00000,3.50,NULL,1
206,206,Verre Crémant du Jura brut fruitère d'Arbois - Coupe 12cl_201709,36,GA Boisson Menu Liberty_201709,0.00000,3.50,NULL,1
207,207,Vin blanc IGP - 25cl_201709,27,Pichets de vin_201709,0.00000,5.70,NULL,1
207,207,Vin blanc IGP - 25cl_201709,52,GA Boissons_201709,0.00000,5.70,NULL,1
208,208,Vin blanc IGP - 46cl_201709,27,Pichets de vin_201709,0.00000,9.00,NULL,1
208,208,Vin blanc IGP - 46cl_201709,52,GA Boissons_201709,0.00000,9.00,NULL,1
209,209,Vin rosé IGP - 25cl_201709,27,Pichets de vin_201709,0.00000,5.70,NULL,1
209,209,Vin rosé IGP - 25cl_201709,52,GA Boissons_201709,0.00000,5.70,NULL,1
210,210,Vin rosé IGP - 46cl_201709,27,Pichets de vin_201709,0.00000,9.00,NULL,1
210,210,Vin rosé IGP - 46cl_201709,52,GA Boissons_201709,0.00000,9.00,NULL,1
211,211,Vin rouge IGP - 25cl_201709,27,Pichets de vin_201709,0.00000,5.70,NULL,1
211,211,Vin rouge IGP - 25cl_201709,52,GA Boissons_201709,0.00000,5.70,NULL,1
212,212,Vin rouge IGP - 46cl_201709,27,Pichets de vin_201709,0.00000,9.00,NULL,1
212,212,Vin rouge IGP - 46cl_201709,52,GA Boissons_201709,0.00000,9.00,NULL,1
213,213,25CL ROSE COTE PROVENCE CAP DES PINS,27,Pichets de vin_201709,0.00000,5.70,NULL,1
213,213,25CL ROSE COTE PROVENCE CAP DES PINS,52,GA Boissons_201709,0.00000,5.70,NULL,1
214,214,46CL ROSE COTE PROVENCE CAP DES PINS,27,Pichets de vin_201709,0.00000,9.60,NULL,1
214,214,46CL ROSE COTE PROVENCE CAP DES PINS,52,GA Boissons_201709,0.00000,9.60,NULL,1
215,215,Rosé de Californie "Gallo" - 25cl_201709,27,Pichets de vin_201709,0.00000,6.00,NULL,1
215,215,Rosé de Californie "Gallo" - 25cl_201709,52,GA Boissons_201709,0.00000,6.00,NULL,1
216,216,Rosé de Californie "Gallo" - 46cl_201709,27,Pichets de vin_201709,0.00000,9.90,NULL,1
216,216,Rosé de Californie "Gallo" - 46cl_201709,52,GA Boissons_201709,0.00000,9.90,NULL,1
217,217,25CL ROUGE COTE DU RHONE VINSOBRAISE,27,Pichets de vin_201709,0.00000,5.70,NULL,1
217,217,25CL ROUGE COTE DU RHONE VINSOBRAISE,52,GA Boissons_201709,0.00000,5.70,NULL,1
218,218,46CL ROUGE COTE DU RHONE VINSOBRAISE,27,Pichets de vin_201709,0.00000,9.60,NULL,1
218,218,46CL ROUGE COTE DU RHONE VINSOBRAISE,52,GA Boissons_201709,0.00000,9.60,NULL,1
219,219,75CL VIN BLANC JURA TRADITION,28,Vin en bouteille_201709,0.00000,16.00,NULL,1
219,219,75CL VIN BLANC JURA TRADITION,52,GA Boissons_201709,0.00000,16.00,NULL,1
220,220,"37,5CL VIN BLANC ARBOIS BETHANIE",28,Vin en bouteille_201709,0.00000,12.50,NULL,1
220,220,"37,5CL VIN BLANC ARBOIS BETHANIE",52,GA Boissons_201709,0.00000,12.50,NULL,1
221,221,75CL VIN BLANC ARBOIS BETHANIE,28,Vin en bouteille_201709,0.00000,20.00,NULL,1
221,221,75CL VIN BLANC ARBOIS BETHANIE,52,GA Boissons_201709,0.00000,20.00,NULL,1
222,222,"37,5CL VIN ROSE BARDOLINO",28,Vin en bouteille_201709,0.00000,9.50,NULL,1
222,222,"37,5CL VIN ROSE BARDOLINO",52,GA Boissons_201709,0.00000,9.50,NULL,1
223,223,75CL VIN ROSE BARDOLINO,28,Vin en bouteille_201709,0.00000,14.00,NULL,1
223,223,75CL VIN ROSE BARDOLINO,52,GA Boissons_201709,0.00000,14.00,NULL,1
224,224,75CL VIN ROSE ST TROPEZ GOURM,28,Vin en bouteille_201709,0.00000,15.00,NULL,1
224,224,75CL VIN ROSE ST TROPEZ GOURM,52,GA Boissons_201709,0.00000,15.00,NULL,1
225,225,"37,5CL VIN ROSE ARBOIS POULSARD",28,Vin en bouteille_201709,0.00000,10.50,NULL,1
225,225,"37,5CL VIN ROSE ARBOIS POULSARD",52,GA Boissons_201709,0.00000,10.50,NULL,1
226,226,75CL VIN ROSE ARBOIS POULSARD,28,Vin en bouteille_201709,0.00000,16.00,NULL,1
226,226,75CL VIN ROSE ARBOIS POULSARD,52,GA Boissons_201709,0.00000,16.00,NULL,1
227,227,"37,5CL VIN ROUGE CHIANTI",28,Vin en bouteille_201709,0.00000,10.50,NULL,1
227,227,"37,5CL VIN ROUGE CHIANTI",52,GA Boissons_201709,0.00000,10.50,NULL,1
228,228,75CL VIN ROUGE CHIANTI,28,Vin en bouteille_201709,0.00000,16.00,NULL,1
228,228,75CL VIN ROUGE CHIANTI,52,GA Boissons_201709,0.00000,16.00,NULL,1
229,229,75CL VIN ROUGE RASTEAU,28,Vin en bouteille_201709,0.00000,18.50,NULL,1
229,229,75CL VIN ROUGE RASTEAU,52,GA Boissons_201709,0.00000,18.50,NULL,1
230,230,75CL VIN ROUGE PETIL LAMBRUSCO,28,Vin en bouteille_201709,0.00000,15.00,NULL,1
230,230,75CL VIN ROUGE PETIL LAMBRUSCO,52,GA Boissons_201709,0.00000,15.00,NULL,1
231,231,75CL CREMANT JURA ARBOIS,28,Vin en bouteille_201709,0.00000,18.00,NULL,1
231,231,75CL CREMANT JURA ARBOIS,52,GA Boissons_201709,0.00000,18.00,NULL,1
232,232,SPAGHETTI JAMBON_201709,42,GA Plat Menu Kids_201709,0.00000,0.00,NULL,3
233,233,COMPOTE DE POMMES_201709,43,GA Dessert Menu Kids_201709,0.00000,0.00,NULL,4
1002,1002,SUZE,2,Apéritifs_201709,0.00000,0.00,10,1
1003,1003,MOJITO,1,Cocktails_201709,0.00000,4.50,10,1
1004,1004,PICHET DE SPRITZ,1,Cocktails_201709,0.00000,0.00,NULL,1
1013,1013,PICHET DE MOJITO,1,Cocktails_201709,0.00000,14.00,10,1
1014,1014,MOJITO + PLANCHE APERITIVE,1,Cocktails_201709,0.00000,20.00,NULL,1
1015,1015,TOMATE,2,Apéritifs_201709,0.00000,3.30,10,1
1016,1016,PERROQUET,2,Apéritifs_201709,0.00000,3.30,10,1
1019,1019,MAURESQUE,2,Apéritifs_201709,0.00000,3.30,10,1
1020,1020,MARTINI GIN,1,Cocktails_201709,0.00000,6.00,10,1
1021,1021,MUSCAT,2,Apéritifs_201709,0.00000,0.00,10,1
1022,1022,RHUM Orange Passion,1,Cocktails_201709,0.00000,3.00,10,1
1023,1023,RHUM Vanille Chocolat,1,Cocktails_201709,0.00000,3.00,10,1
1024,1024,RHUM CB,1,Cocktails_201709,0.00000,0.00,10,1
1025,1025,RHUM MANGUE ABRICOT,1,Cocktails_201709,0.00000,3.00,10,1
1026,1026,RHUM ANANAS CITRON VERT,1,Cocktails_201709,0.00000,3.00,10,1
1027,NULL,Supplément lait,NULL,NULL,0.00000,0.40,NULL,1
1028,NULL,SUPPLEMENT LAIT,NULL,NULL,0.00000,0.40,NULL,1
1029,NULL,SUPPLEMENT CREME,NULL,NULL,0.00000,0.40,NULL,1
1030,1030,MONACO (25cl),22,Bières_201709,0.00000,3.40,NULL,1
1031,1031,MONACO (50cl),22,Bières_201709,0.00000,5.70,NULL,1
1032,1032,Hollywood 26,8,Légumes base sauce tomate_201709,0.00000,10.50,11,3
1032,1032,Hollywood 26,34,GA Plat Menu Liberty_201709,0.00000,10.50,11,3
1032,1032,Hollywood 26,38,GA Plat Menu Ciné_201709,0.00000,10.50,11,3
1033,1033,Hollywood 31,8,Légumes base sauce tomate_201709,0.00000,15.80,11,3
1033,1033,Hollywood 31,1002,Entrées Pizzas Double Double,0.00000,15.80,11,3
1033,1033,Hollywood 31,1003,Plat Pizzas Double Double,0.00000,15.80,11,3
1034,1034,Hot 26,6,Viande base sauce tomate_201709,0.00000,11.80,11,3
1034,1034,Hot 26,34,GA Plat Menu Liberty_201709,0.00000,11.80,11,3
1034,1034,Hot 26,38,GA Plat Menu Ciné_201709,0.00000,11.80,11,3
1035,1035,Hot 31,6,Viande base sauce tomate_201709,0.00000,17.70,11,3
1035,1035,Hot 31,1002,Entrées Pizzas Double Double,0.00000,17.70,11,3
1035,1035,Hot 31,1003,Plat Pizzas Double Double,0.00000,17.70,11,3
1036,1036,BANANA SPLIT,19,Coupes glacées_201709,0.00000,6.00,NULL,4
1037,1037,Pizzas Double Double,1006,Desserts A Emporter,0.00000,16.40,1002,0
1037,1037,Pizzas Double Double,1013,Offres Speciales_201709,0.00000,16.40,1002,0
1038,1038,Petit Lardon Dans la Bergerie,1004,Salade Express,0.00000,5.10,NULL,3
1039,1039,Petit Retour d''Hawai,1004,Salade Express,0.00000,5.10,NULL,3
1040,1040,Petit Poulet dans le Potager,1004,Salade Express,0.00000,5.10,NULL,3
1041,1041,Petit crabe pince crevette,1004,Salade Express,0.00000,5.40,NULL,3
1042,1042,Petiit Chèvre chaud,1004,Salade Express,0.00000,5.40,NULL,3
1043,1043,Ice Tea 33cl,1007,Boissons à Emporter,0.00000,1.80,NULL,1
1044,1044,"COCA-COLA 1,5l",1007,Boissons à Emporter,0.00000,4.50,NULL,1
1045,1045,"Ice Tea 1,5l",1007,Boissons à Emporter,0.00000,4.50,NULL,1
1046,1046,"Fanta 1,5l",1007,Boissons à Emporter,0.00000,4.50,NULL,1
1047,1047,"Sprite 1,5l",1007,Boissons à Emporter,0.00000,4.50,NULL,1
1048,1048,Heineken 33cl,1007,Boissons à Emporter,0.00000,2.80,NULL,1
1049,1049,Orangina 33cl,1007,Boissons à Emporter,0.00000,1.80,NULL,1
1050,1050,CALZONE - 26CM,10,Stars base sauce tomate_201709,0.00000,10.20,11,3
1050,1050,CALZONE - 26CM,34,GA Plat Menu Liberty_201709,0.00000,10.20,11,3
1050,1050,CALZONE - 26CM,38,GA Plat Menu Ciné_201709,0.00000,10.20,11,3
1051,1051,Moelleux au choc EMPORTER,1006,Desserts A Emporter,0.00000,4.00,NULL,4
1052,1052,Tarte Tatin EMPORTER,1006,Desserts A Emporter,0.00000,4.50,NULL,4
1053,1053,PENNE 3 FROMAGES,14,Plats_201709,0.00000,11.00,NULL,3
1054,1054,COCHEESE - 31CM,10,Stars base sauce tomate_201709,0.00000,15.00,NULL,3
2057,NULL,Thalassa,NULL,NULL,0.00000,10.00,NULL,3
2060,2060,COCHEESE 26CM,10,Stars base sauce tomate_201709,0.00000,11.00,NULL,3
2061,2061,CAFE ALLONGE,29,Boissons chaudes_201709,0.00000,1.80,NULL,5
2062,2062,SINGAPOUR - 26CM,9,Mer base sauce tomate_201709,0.00000,11.80,NULL,3
2063,2063,SINGAPOUR - 31CM,9,Mer base sauce tomate_201709,0.00000,17.70,NULL,3
2064,2064,SYRACUSE - 26CM,6,Viande base sauce tomate_201709,0.00000,11.80,NULL,3
2065,2065,SYRACUSE - 31CM,6,Viande base sauce tomate_201709,0.00000,17.70,NULL,3
2066,2066,CLASSIC - 26CM,9,Mer base sauce tomate_201709,0.00000,7.30,NULL,3
2067,2067,HONOLULU 26CM,6,Viande base sauce tomate_201709,0.00000,8.00,NULL,3
2068,2068,CLASSIC - 31CM,9,Mer base sauce tomate_201709,0.00000,11.00,NULL,3
2068,2068,CLASSIC - 31CM,1002,Entrées Pizzas Double Double,0.00000,11.00,NULL,3
2068,2068,CLASSIC - 31CM,1003,Plat Pizzas Double Double,0.00000,11.00,NULL,3
2069,2069,HONOLULU 31CM,6,Viande base sauce tomate_201709,0.00000,12.00,NULL,3
2069,2069,HONOLULU 31CM,1002,Entrées Pizzas Double Double,0.00000,12.00,NULL,3
2069,2069,HONOLULU 31CM,1003,Plat Pizzas Double Double,0.00000,12.00,NULL,3
2070,2070,COCA J,45,GA Boisson Menu Kids_201709,0.00000,0.00,NULL,1
2071,2071,SIROP J,45,GA Boisson Menu Kids_201709,0.00000,0.00,NULL,1
2072,2072,DIABOLO J,45,GA Boisson Menu Kids_201709,0.00000,0.00,NULL,1
2073,2073,NESTEA J,45,GA Boisson Menu Kids_201709,0.00000,0.00,NULL,1
2074,2074,FANTA J,45,GA Boisson Menu Kids_201709,0.00000,0.00,NULL,1
2075,NULL,75CL ROSE CALIF EMP,NULL,NULL,0.00000,12.00,NULL,1
2076,NULL,75CL ROSE COTE PVCE EMP,NULL,NULL,0.00000,8.50,NULL,1
2077,2077,TIRAMISU,17,Les Traditionnels_201709,0.00000,4.50,NULL,4
2078,2078,PIZZA A LA CARTE 26CM,6,Viande base sauce tomate_201709,0.00000,11.00,1004,3
2078,2078,PIZZA A LA CARTE 26CM,1013,Offres Speciales_201709,0.00000,11.00,1004,3
2079,2079,JAMBON 26,1011,Ingredients 26cm,0.00000,0.00,NULL,3
2080,2080,MERGUEZ 26,1011,Ingredients 26cm,0.00000,0.00,NULL,3
2081,2081,BOEUF EPICE 26,1011,Ingredients 26cm,0.00000,0.00,NULL,3
2082,2082,PEPPERONI 26,1011,Ingredients 26cm,0.00000,0.00,NULL,3
2083,2083,CHORIZO 26,1011,Ingredients 26cm,0.00000,0.00,NULL,3
2084,2084,DOUBLE MOZZARELLA 26,1011,Ingredients 26cm,0.00000,0.00,NULL,3
2085,2085,LARDONS FUMES,1011,Ingredients 26cm,0.00000,0.00,NULL,3
2086,2086,POULET 26,1011,Ingredients 26cm,0.00000,0.00,NULL,3
2087,2087,POIVRONS 26,1011,Ingredients 26cm,0.00000,0.00,NULL,3
2088,2088,CHAMPIGNON FRAIS 26,1011,Ingredients 26cm,0.00000,0.00,NULL,3
2089,2089,OIGNONS 26,1011,Ingredients 26cm,0.00000,0.00,NULL,3
2090,2090,CAPRES 26,1011,Ingredients 26cm,0.00000,0.00,NULL,3
2091,2091,OEUF 26,1011,Ingredients 26cm,0.00000,0.00,NULL,3
2092,2092,CREME FRAICHE 26,1011,Ingredients 26cm,0.00000,0.00,NULL,3
2093,2093,TOMATES FRAICHES 26,1011,Ingredients 26cm,0.00000,0.00,NULL,3
2094,2094,POMMES DE TERRE 26,1011,Ingredients 26cm,0.00000,0.00,NULL,3
2095,2095,FROMAGE DE CHEVRE 26,1011,Ingredients 26cm,0.00000,0.00,NULL,3
2096,2096,GORGONZOLA 26,1011,Ingredients 26cm,0.00000,0.00,NULL,3
2097,2097,JAMBON 31,1012,Ingredients 31 cm,0.00000,0.00,NULL,3
2098,2098,MERGUEZ 31,1012,Ingredients 31 cm,0.00000,0.00,NULL,3
2099,2099,BOEUF EPICE 31,1012,Ingredients 31 cm,0.00000,0.00,NULL,3
2100,2100,PEPPERONI 31,1012,Ingredients 31 cm,0.00000,0.00,NULL,3
2101,2101,CHORIZO 31,1012,Ingredients 31 cm,0.00000,0.00,NULL,3
2102,2102,DOUBLE MOZZARELLA 31,1012,Ingredients 31 cm,0.00000,0.00,NULL,3
2103,2103,LARDONS FUMES 31,1012,Ingredients 31 cm,0.00000,0.00,NULL,3
2104,2104,POULET 31,1012,Ingredients 31 cm,0.00000,0.00,NULL,3
2105,2105,POIVRONS 31,1012,Ingredients 31 cm,0.00000,0.00,NULL,3
2106,2106,CHAMPIGNONS FRAIS 31,1012,Ingredients 31 cm,0.00000,0.00,NULL,3
2107,2107,OIGNONS 31,1012,Ingredients 31 cm,0.00000,0.00,NULL,3
2108,2108,CAPRES 31,1012,Ingredients 31 cm,0.00000,0.00,NULL,3
2109,2109,OEUF 31,1012,Ingredients 31 cm,0.00000,0.00,NULL,3
2110,2110,CREME FRAICHE 31,1012,Ingredients 31 cm,0.00000,0.00,NULL,3
2111,2111,TOMATE FRAICHE 31,1012,Ingredients 31 cm,0.00000,0.00,NULL,3
2112,2112,POMMES DE TERRE 31,1012,Ingredients 31 cm,0.00000,0.00,NULL,3
2113,2113,FROMAGE DE CHEVRE 31,1012,Ingredients 31 cm,0.00000,0.00,NULL,3
2114,2114,GORGONZOLA 31,1012,Ingredients 31 cm,0.00000,0.00,NULL,3
2115,2115,PIZZA A LA CARTE 31CM,6,Viande base sauce tomate_201709,0.00000,16.00,1005,3
2115,2115,PIZZA A LA CARTE 31CM,1013,Offres Speciales_201709,0.00000,16.00,1005,3
2116,2116,PATATA - 31CM,5,Base crème fraiche_201709,0.00000,13.80,NULL,3
2116,2116,PATATA - 31CM,1002,Entrées Pizzas Double Double,0.00000,13.80,NULL,3
2116,2116,PATATA - 31CM,1003,Plat Pizzas Double Double,0.00000,13.80,NULL,3
2117,NULL,New Product 1,NULL,NULL,0.00000,0.00,NULL,7
2118,NULL,New Product 1,NULL,NULL,0.00000,0.00,NULL,7
2119,NULL,New Product 1,NULL,NULL,0.00000,0.00,NULL,7
2120,2120,PATATA - 26CM,5,Base crème fraiche_201709,0.00000,9.30,NULL,3
2121,NULL,Salade mozzarella,NULL,NULL,0.00000,12.00,NULL,3
2122,2122,PACIFIQUE 26CM,9,Mer base sauce tomate_201709,0.00000,8.30,NULL,3
2122,2122,PACIFIQUE 26CM,10,Stars base sauce tomate_201709,0.00000,8.30,NULL,3
2123,2123,PACIFIQUE 31CM,9,Mer base sauce tomate_201709,0.00000,12.50,NULL,3
2123,2123,PACIFIQUE 31CM,10,Stars base sauce tomate_201709,0.00000,12.50,NULL,3
2123,2123,PACIFIQUE 31CM,1002,Entrées Pizzas Double Double,0.00000,12.50,NULL,3
2123,2123,PACIFIQUE 31CM,1003,Plat Pizzas Double Double,0.00000,12.50,NULL,3
2124,2124,COUPE FRUIT DEFENDU,19,Coupes glacées_201709,0.00000,6.00,NULL,4
2125,2125,CREMANT NATURE,2,Apéritifs_201709,0.00000,3.50,NULL,1
2129,2129,1664,1007,Boissons à Emporter,0.00000,3.00,NULL,1
2130,2130,SALADE DU JOUR,13,Salades repas_201709,0.00000,12.00,NULL,1
2131,2131,Sirop,23,Sodas/jus_201709,0.00000,2.10,NULL,1
3126,3126,ROSE ITALIEN 15cl,26,Vin au verre_201709,0.00000,3.40,NULL,1
3127,3127,Fraise_201709,46,GA Choix_parfum_glaces_201709,0.00000,0.00,NULL,4
3128,3128,ROSE ITALIEN 25cl,26,Vin au verre_201709,0.00000,5.70,NULL,1
3129,3129,ROSE ITALIEN 46cl,26,Vin au verre_201709,0.00000,9.60,NULL,1
3130,NULL,75 cl - Bourgogne,NULL,NULL,0.00000,18.00,NULL,1
3131,NULL,PLACE CINE,NULL,NULL,0.00000,6.90,NULL,7
3132,3132,Poire belle Helene,19,Coupes glacées_201709,0.00000,6.00,NULL,4
3133,3133,café glacé,19,Coupes glacées_201709,0.00000,6.00,NULL,4
